Question,Define
hello, yupppp
hello1, yupppp1
hello2, yupppp2
hello3, yupppp3
hello4, yupppp4
hello5, yupppp5
hello6, yupppp6
hello7, yupppp7
hello8, yupppp8
hello9, yupppp9
hello10, yupppp10
hello11, yupppp11
hello12, yupppp12
hello13, yupppp13
hello14, yupppp14
hello15, yupppp15
hello16, yupppp16
hello17, yupppp17
hello18, yupppp18
hello19, yupppp19
hello20, yupppp20
hello21, yupppp21
hello22, yupppp22
hello23, yupppp23
hello24, yupppp24
hello25, yupppp25
hello26, yupppp26
hello27, yupppp27
hello28, yupppp28
hello29, yupppp29
hello30, yupppp30
hello31, yupppp31
hello32, yupppp32